-- MySQL dump 10.13  Distrib 8.0.41, for Win64 (x86_64)
--
-- Host: 192.168.100.93    Database: education
-- ------------------------------------------------------
-- Server version	8.0.41

/*!40101 SET @OLD_CHARACTER_SET_CLIENT=@@CHARACTER_SET_CLIENT */;
/*!40101 SET @OLD_CHARACTER_SET_RESULTS=@@CHARACTER_SET_RESULTS */;
/*!40101 SET @OLD_COLLATION_CONNECTION=@@COLLATION_CONNECTION */;
/*!50503 SET NAMES utf8 */;
/*!40103 SET @OLD_TIME_ZONE=@@TIME_ZONE */;
/*!40103 SET TIME_ZONE='+00:00' */;
/*!40014 SET @OLD_UNIQUE_CHECKS=@@UNIQUE_CHECKS, UNIQUE_CHECKS=0 */;
/*!40014 SET @OLD_FOREIGN_KEY_CHECKS=@@FOREIGN_KEY_CHECKS, FOREIGN_KEY_CHECKS=0 */;
/*!40101 SET @OLD_SQL_MODE=@@SQL_MODE, SQL_MODE='NO_AUTO_VALUE_ON_ZERO' */;
/*!40111 SET @OLD_SQL_NOTES=@@SQL_NOTES, SQL_NOTES=0 */;

--
-- Table structure for table `app_users`
--

DROP TABLE IF EXISTS `app_users`;
/*!40101 SET @saved_cs_client     = @@character_set_client */;
/*!50503 SET character_set_client = utf8mb4 */;
CREATE TABLE `app_users` (
  `id` int NOT NULL AUTO_INCREMENT,
  `first_name` varchar(150) NOT NULL,
  `last_name` varchar(150) NOT NULL,
  `username` varchar(150) NOT NULL,
  `email` varchar(150) NOT NULL,
  `password` varchar(255) NOT NULL,
  `created_at` timestamp NULL DEFAULT CURRENT_TIMESTAMP,
  `updated_at` timestamp NULL DEFAULT CURRENT_TIMESTAMP ON UPDATE CURRENT_TIMESTAMP,
  PRIMARY KEY (`id`),
  UNIQUE KEY `username` (`username`),
  UNIQUE KEY `email` (`email`)
) ENGINE=InnoDB AUTO_INCREMENT=10 DEFAULT CHARSET=utf8mb4 COLLATE=utf8mb4_0900_ai_ci;
/*!40101 SET character_set_client = @saved_cs_client */;

--
-- Dumping data for table `app_users`
--

LOCK TABLES `app_users` WRITE;
/*!40000 ALTER TABLE `app_users` DISABLE KEYS */;
INSERT INTO `app_users` VALUES (1,'John','Doe','johndoe','john@example.com','$2b$10$mCeUXKVOtviykGaSGtIui.LfzF.xuc3g/l6kWSgyFlkQj0C.H.nei','2025-08-24 09:01:57','2025-08-24 09:01:57'),(2,'Jane','Smith','janesmith','jane@example.com','$2b$10$/tqKS3iueVZrwKwKw0sTxO/HR0vhLXouPs9ck/eJzw4gljzWvVA0K','2025-08-24 09:01:57','2025-08-24 09:01:57'),(3,'Mike','Johnson','mikejohnson','mike@example.com','$2b$10$Nrm4xSJYinaLTV5gRISyauMVsqdYEV1cVDydHUf9cpjkDDgGTs1oy','2025-08-24 09:01:58','2025-08-24 09:01:58'),(4,'Haifa','Ibrahim Alhusayni','aa','aa@gmail.com','$2b$10$nJsMCc.Kbg2tIexyXD2FVucJqRVGg1Hk.bqgTd1p.dya2BdvB9v5u','2025-08-26 17:51:31','2025-08-26 17:51:31'),(5,'Haifa','Ibrahim Alhusayni','la','la@gmail.com','$2b$10$Csq3tRQur0EeF4Hr9YbBNOMpaMx2lJjR0LWKpul6y4lJiKjK6QfaS','2025-08-26 18:13:31','2025-08-26 18:13:31'),(6,'هيفاء','الحصيني','a','a@gmail.com','$2b$10$Alq2KOeDAfXIQltKLPnAo.pF26DOMd85gjfmg3TEApT4ExZK2njZG','2025-08-27 05:58:23','2025-08-27 05:58:23'),(7,'layan','h','layan','layan@gmail.com','$2b$10$EXySZU266WeY/xqvwmAcn.RcK9DlQ0OQzx4kkk99nxSW31sqpKBrS','2025-08-27 06:04:01','2025-08-27 06:04:01'),(8,'Haifa','Ibrahim Alhusayni','g','g@gmail.com','$2b$10$6Dm5z3bFAZleyYODZ1Lmg.1/57cZ4H9nSbF.nzvrRmJLiqGroT8N.','2025-08-28 08:51:02','2025-08-28 08:51:02'),(9,'Test','Test','Test1','Test1@gmail.com','$2b$10$WFqL7ary4h2YJffr4cPuauj6yKXHwI.AEmekA0U7CjYcA3tBv2G5m','2025-08-28 08:59:04','2025-08-28 08:59:04');
/*!40000 ALTER TABLE `app_users` ENABLE KEYS */;
UNLOCK TABLES;

--
-- Table structure for table `courses`
--

DROP TABLE IF EXISTS `courses`;
/*!40101 SET @saved_cs_client     = @@character_set_client */;
/*!50503 SET character_set_client = utf8mb4 */;
CREATE TABLE `courses` (
  `id` int NOT NULL AUTO_INCREMENT,
  `title` varchar(255) NOT NULL,
  `description` text,
  `difficulty_level` enum('Beginner','Intermediate','Advanced') DEFAULT 'Beginner',
  `duration_hours` int DEFAULT '0',
  `image_url` varchar(500) DEFAULT NULL,
  `created_at` timestamp NULL DEFAULT CURRENT_TIMESTAMP,
  `updated_at` timestamp NULL DEFAULT CURRENT_TIMESTAMP ON UPDATE CURRENT_TIMESTAMP,
  `slug` varchar(100) DEFAULT NULL,
  PRIMARY KEY (`id`),
  UNIQUE KEY `slug` (`slug`)
) ENGINE=InnoDB AUTO_INCREMENT=5 DEFAULT CHARSET=utf8mb4 COLLATE=utf8mb4_0900_ai_ci;
/*!40101 SET character_set_client = @saved_cs_client */;

--
-- Dumping data for table `courses`
--

LOCK TABLES `courses` WRITE;
/*!40000 ALTER TABLE `courses` DISABLE KEYS */;
INSERT INTO `courses` VALUES (1,'Introduction to JavaScript','Learn the fundamentals of JavaScript programming language','Beginner',40,'https://example.com/js-course.jpg','2025-08-24 09:01:58','2025-08-26 18:24:42','word-basics'),(2,'React Fundamentals','Master the basics of React library for building user interfaces','Intermediate',60,'https://example.com/react-course.jpg','2025-08-24 09:01:58','2025-08-26 18:24:42','excel-beginners'),(3,'Node.js Backend Development','Build scalable backend applications with Node.js','Intermediate',80,'https://example.com/nodejs-course.jpg','2025-08-24 09:01:58','2025-08-26 18:24:42','powerpoint-essentials'),(4,'Database Design','Learn to design efficient and scalable databases','Advanced',50,'https://example.com/db-course.jpg','2025-08-24 09:01:58','2025-08-26 18:24:42','internet-email-basics');
/*!40000 ALTER TABLE `courses` ENABLE KEYS */;
UNLOCK TABLES;

--
-- Table structure for table `lessons`
--

DROP TABLE IF EXISTS `lessons`;
/*!40101 SET @saved_cs_client     = @@character_set_client */;
/*!50503 SET character_set_client = utf8mb4 */;
CREATE TABLE `lessons` (
  `id` int NOT NULL AUTO_INCREMENT,
  `course_id` int NOT NULL,
  `title` varchar(255) NOT NULL,
  `content` text,
  `lesson_order` int NOT NULL,
  `duration_minutes` int DEFAULT '0',
  `video_url` varchar(500) DEFAULT NULL,
  `created_at` timestamp NULL DEFAULT CURRENT_TIMESTAMP,
  `updated_at` timestamp NULL DEFAULT CURRENT_TIMESTAMP ON UPDATE CURRENT_TIMESTAMP,
  PRIMARY KEY (`id`),
  KEY `course_id` (`course_id`),
  CONSTRAINT `lessons_ibfk_1` FOREIGN KEY (`course_id`) REFERENCES `courses` (`id`) ON DELETE CASCADE
) ENGINE=InnoDB AUTO_INCREMENT=5 DEFAULT CHARSET=utf8mb4 COLLATE=utf8mb4_0900_ai_ci;
/*!40101 SET character_set_client = @saved_cs_client */;

--
-- Dumping data for table `lessons`
--

LOCK TABLES `lessons` WRITE;
/*!40000 ALTER TABLE `lessons` DISABLE KEYS */;
INSERT INTO `lessons` VALUES (1,1,'Variables and Data Types','Learn about JavaScript variables, numbers, strings, and booleans',1,45,'https://example.com/js-lesson1','2025-08-24 09:01:58','2025-08-24 09:01:58'),(2,1,'Functions and Scope','Understanding JavaScript functions and variable scope',2,60,'https://example.com/js-lesson2','2025-08-24 09:01:58','2025-08-24 09:01:58'),(3,2,'Components and JSX','Introduction to React components and JSX syntax',1,50,'https://example.com/react-lesson1','2025-08-24 09:01:58','2025-08-24 09:01:58'),(4,2,'State and Props','Managing component state and passing props',2,55,'https://example.com/react-lesson2','2025-08-24 09:01:58','2025-08-24 09:01:58');
/*!40000 ALTER TABLE `lessons` ENABLE KEYS */;
UNLOCK TABLES;

--
-- Table structure for table `posts`
--

DROP TABLE IF EXISTS `posts`;
/*!40101 SET @saved_cs_client     = @@character_set_client */;
/*!50503 SET character_set_client = utf8mb4 */;
CREATE TABLE `posts` (
  `id` int NOT NULL AUTO_INCREMENT,
  `user_id` int NOT NULL,
  `title` varchar(255) NOT NULL,
  `content` text NOT NULL,
  `created_at` timestamp NULL DEFAULT CURRENT_TIMESTAMP,
  `updated_at` timestamp NULL DEFAULT CURRENT_TIMESTAMP ON UPDATE CURRENT_TIMESTAMP,
  PRIMARY KEY (`id`),
  KEY `user_id` (`user_id`),
  CONSTRAINT `posts_ibfk_1` FOREIGN KEY (`user_id`) REFERENCES `app_users` (`id`) ON DELETE CASCADE
) ENGINE=InnoDB AUTO_INCREMENT=3 DEFAULT CHARSET=utf8mb4 COLLATE=utf8mb4_0900_ai_ci;
/*!40101 SET character_set_client = @saved_cs_client */;

--
-- Dumping data for table `posts`
--

LOCK TABLES `posts` WRITE;
/*!40000 ALTER TABLE `posts` DISABLE KEYS */;
INSERT INTO `posts` VALUES (1,1,'Welcome to the Platform','This is my first post on this educational platform!','2025-08-24 09:01:58','2025-08-24 09:01:58'),(2,2,'Learning Progress','Just completed my first course. Very excited to continue learning!','2025-08-24 09:01:58','2025-08-24 09:01:58');
/*!40000 ALTER TABLE `posts` ENABLE KEYS */;
UNLOCK TABLES;

--
-- Table structure for table `quiz_answers`
--

DROP TABLE IF EXISTS `quiz_answers`;
/*!40101 SET @saved_cs_client     = @@character_set_client */;
/*!50503 SET character_set_client = utf8mb4 */;
CREATE TABLE `quiz_answers` (
  `id` int NOT NULL AUTO_INCREMENT,
  `user_id` int NOT NULL,
  `quiz_id` int NOT NULL,
  `question_id` int NOT NULL,
  `user_answer` varchar(500) DEFAULT NULL,
  `is_correct` tinyint(1) DEFAULT '0',
  `points_earned` int DEFAULT '0',
  `answered_at` timestamp NULL DEFAULT CURRENT_TIMESTAMP,
  PRIMARY KEY (`id`),
  UNIQUE KEY `unique_user_question` (`user_id`,`question_id`),
  KEY `quiz_id` (`quiz_id`),
  KEY `question_id` (`question_id`),
  CONSTRAINT `quiz_answers_ibfk_1` FOREIGN KEY (`user_id`) REFERENCES `app_users` (`id`) ON DELETE CASCADE,
  CONSTRAINT `quiz_answers_ibfk_2` FOREIGN KEY (`quiz_id`) REFERENCES `quizzes` (`id`) ON DELETE CASCADE,
  CONSTRAINT `quiz_answers_ibfk_3` FOREIGN KEY (`question_id`) REFERENCES `quiz_questions` (`id`) ON DELETE CASCADE
) ENGINE=InnoDB AUTO_INCREMENT=6 DEFAULT CHARSET=utf8mb4 COLLATE=utf8mb4_0900_ai_ci;
/*!40101 SET character_set_client = @saved_cs_client */;

--
-- Dumping data for table `quiz_answers`
--

LOCK TABLES `quiz_answers` WRITE;
/*!40000 ALTER TABLE `quiz_answers` DISABLE KEYS */;
INSERT INTO `quiz_answers` VALUES (1,1,1,1,'let myVariable = 5;',1,1,'2025-08-24 09:01:58'),(2,1,1,2,'false',1,1,'2025-08-24 09:01:58'),(3,1,1,3,'Document Object Model',1,2,'2025-08-24 09:01:58'),(4,2,2,4,'A syntax extension for JavaScript',1,1,'2025-08-24 09:01:58'),(5,2,2,5,'false',0,0,'2025-08-24 09:01:58');
/*!40000 ALTER TABLE `quiz_answers` ENABLE KEYS */;
UNLOCK TABLES;

--
-- Table structure for table `quiz_questions`
--

DROP TABLE IF EXISTS `quiz_questions`;
/*!40101 SET @saved_cs_client     = @@character_set_client */;
/*!50503 SET character_set_client = utf8mb4 */;
CREATE TABLE `quiz_questions` (
  `id` int NOT NULL AUTO_INCREMENT,
  `quiz_id` int NOT NULL,
  `question_text` text NOT NULL,
  `question_type` enum('multiple_choice','true_false','short_answer') DEFAULT 'multiple_choice',
  `options` json DEFAULT NULL,
  `correct_answer` varchar(500) NOT NULL,
  `points` int DEFAULT '1',
  `question_order` int NOT NULL,
  `created_at` timestamp NULL DEFAULT CURRENT_TIMESTAMP,
  PRIMARY KEY (`id`),
  KEY `quiz_id` (`quiz_id`),
  CONSTRAINT `quiz_questions_ibfk_1` FOREIGN KEY (`quiz_id`) REFERENCES `quizzes` (`id`) ON DELETE CASCADE
) ENGINE=InnoDB AUTO_INCREMENT=6 DEFAULT CHARSET=utf8mb4 COLLATE=utf8mb4_0900_ai_ci;
/*!40101 SET character_set_client = @saved_cs_client */;

--
-- Dumping data for table `quiz_questions`
--

LOCK TABLES `quiz_questions` WRITE;
/*!40000 ALTER TABLE `quiz_questions` DISABLE KEYS */;
INSERT INTO `quiz_questions` VALUES (1,1,'What is the correct way to declare a variable in JavaScript?','multiple_choice','[\"var myVariable = 5;\", \"let myVariable = 5;\", \"const myVariable = 5;\", \"variable myVariable = 5;\"]','let myVariable = 5;',1,1,'2025-08-24 09:01:58'),(2,1,'JavaScript is a compiled language.','true_false','[\"true\", \"false\"]','false',1,2,'2025-08-24 09:01:58'),(3,1,'What does DOM stand for?','short_answer',NULL,'Document Object Model',2,3,'2025-08-24 09:01:58'),(4,2,'What is JSX?','multiple_choice','[\"A new programming language\", \"A syntax extension for JavaScript\", \"A database query language\", \"A CSS framework\"]','A syntax extension for JavaScript',1,1,'2025-08-24 09:01:58'),(5,2,'React components must return a single parent element.','true_false','[\"true\", \"false\"]','true',1,2,'2025-08-24 09:01:58');
/*!40000 ALTER TABLE `quiz_questions` ENABLE KEYS */;
UNLOCK TABLES;

--
-- Table structure for table `quizzes`
--

DROP TABLE IF EXISTS `quizzes`;
/*!40101 SET @saved_cs_client     = @@character_set_client */;
/*!50503 SET character_set_client = utf8mb4 */;
CREATE TABLE `quizzes` (
  `id` int NOT NULL AUTO_INCREMENT,
  `course_id` int NOT NULL,
  `title` varchar(255) NOT NULL,
  `description` text,
  `total_questions` int DEFAULT '0',
  `time_limit_minutes` int DEFAULT '30',
  `created_at` timestamp NULL DEFAULT CURRENT_TIMESTAMP,
  `updated_at` timestamp NULL DEFAULT CURRENT_TIMESTAMP ON UPDATE CURRENT_TIMESTAMP,
  PRIMARY KEY (`id`),
  KEY `course_id` (`course_id`),
  CONSTRAINT `quizzes_ibfk_1` FOREIGN KEY (`course_id`) REFERENCES `courses` (`id`) ON DELETE CASCADE
) ENGINE=InnoDB AUTO_INCREMENT=3 DEFAULT CHARSET=utf8mb4 COLLATE=utf8mb4_0900_ai_ci;
/*!40101 SET character_set_client = @saved_cs_client */;

--
-- Dumping data for table `quizzes`
--

LOCK TABLES `quizzes` WRITE;
/*!40000 ALTER TABLE `quizzes` DISABLE KEYS */;
INSERT INTO `quizzes` VALUES (1,1,'JavaScript Basics Quiz','Test your knowledge of JavaScript fundamentals',3,15,'2025-08-24 09:01:58','2025-08-24 09:01:58'),(2,2,'React Components Quiz','Quiz about React components and JSX',2,10,'2025-08-24 09:01:58','2025-08-24 09:01:58');
/*!40000 ALTER TABLE `quizzes` ENABLE KEYS */;
UNLOCK TABLES;

--
-- Table structure for table `user_progress`
--

DROP TABLE IF EXISTS `user_progress`;
/*!40101 SET @saved_cs_client     = @@character_set_client */;
/*!50503 SET character_set_client = utf8mb4 */;
CREATE TABLE `user_progress` (
  `id` int NOT NULL AUTO_INCREMENT,
  `user_id` int NOT NULL,
  `course_id` int NOT NULL,
  `lesson_id` int DEFAULT NULL,
  `quiz_id` int DEFAULT NULL,
  `progress_type` enum('lesson_completed','quiz_completed','course_started','course_completed') NOT NULL,
  `completion_percentage` decimal(5,2) DEFAULT '0.00',
  `score` int DEFAULT '0',
  `completed_at` timestamp NULL DEFAULT CURRENT_TIMESTAMP,
  PRIMARY KEY (`id`),
  KEY `user_id` (`user_id`),
  KEY `course_id` (`course_id`),
  KEY `lesson_id` (`lesson_id`),
  KEY `quiz_id` (`quiz_id`),
  CONSTRAINT `user_progress_ibfk_1` FOREIGN KEY (`user_id`) REFERENCES `app_users` (`id`) ON DELETE CASCADE,
  CONSTRAINT `user_progress_ibfk_2` FOREIGN KEY (`course_id`) REFERENCES `courses` (`id`) ON DELETE CASCADE,
  CONSTRAINT `user_progress_ibfk_3` FOREIGN KEY (`lesson_id`) REFERENCES `lessons` (`id`) ON DELETE SET NULL,
  CONSTRAINT `user_progress_ibfk_4` FOREIGN KEY (`quiz_id`) REFERENCES `quizzes` (`id`) ON DELETE SET NULL
) ENGINE=InnoDB AUTO_INCREMENT=4 DEFAULT CHARSET=utf8mb4 COLLATE=utf8mb4_0900_ai_ci;
/*!40101 SET character_set_client = @saved_cs_client */;

--
-- Dumping data for table `user_progress`
--

LOCK TABLES `user_progress` WRITE;
/*!40000 ALTER TABLE `user_progress` DISABLE KEYS */;
INSERT INTO `user_progress` VALUES (1,1,1,1,NULL,'lesson_completed',25.00,0,'2025-08-24 09:01:58'),(2,1,1,NULL,1,'quiz_completed',50.00,4,'2025-08-24 09:01:58'),(3,2,2,3,NULL,'lesson_completed',25.00,0,'2025-08-24 09:01:58');
/*!40000 ALTER TABLE `user_progress` ENABLE KEYS */;
UNLOCK TABLES;
/*!40103 SET TIME_ZONE=@OLD_TIME_ZONE */;

/*!40101 SET SQL_MODE=@OLD_SQL_MODE */;
/*!40014 SET FOREIGN_KEY_CHECKS=@OLD_FOREIGN_KEY_CHECKS */;
/*!40014 SET UNIQUE_CHECKS=@OLD_UNIQUE_CHECKS */;
/*!40101 SET CHARACTER_SET_CLIENT=@OLD_CHARACTER_SET_CLIENT */;
/*!40101 SET CHARACTER_SET_RESULTS=@OLD_CHARACTER_SET_RESULTS */;
/*!40101 SET COLLATION_CONNECTION=@OLD_COLLATION_CONNECTION */;
/*!40111 SET SQL_NOTES=@OLD_SQL_NOTES */;

-- Dump completed on 2025-08-28 12:38:02
